ivan@abv.bg | Ivan | Ivanov | ivanivanov123
dragan@abv.bg | Dragan | Ivanov | draganivanov123
petkan@abv.bg | Petkan | Draganov | 12345678a
ilian@yahoo.com | ilian | Simeonov | abcdefg1234
simeon@yahoo.com | Simeon | Simeonov | asdasd23
nikola@yahoo.com | Nikola | Simeonov | sasda23
violeta@yahoo.com | Violeta | Simeonova | simeosd3
nikoleta@yahoo.com | Nikoleta | Ilieva | sdghrd23
ivanka@yahoo.com | Ivanka | Ilieva | sduyfd23
petia@yahoo.com | Petia | Djurdjeva | 23423frr
maria@yahoo.com | Maria | Radeva | siuerh33
elena@yahoo.com | Elena | Petkova | dheg77dshg
dimitar@yahoo.com | Dimitar | Dimitrov | k_jdeh78sd
emil@yahoo.com | Emil | Dinev | kjdeh78s_d
dinko@yahoo.com | Dinko | Gospodinov | kjdeh7_8sd
valentin@yahoo.com | Valentin | Dinkov | kjd_eh78sd
